corridor_01_img.png corridor_01_normal.npy
corridor_02_img.png corridor_02_normal.npy
corridor_03_img.png corridor_03_normal.npy
corridor_04_img.png corridor_04_normal.npy
corridor_05_img.png corridor_05_normal.npy
corridor_06_img.png corridor_06_normal.npy
corridor_07_img.png corridor_07_normal.npy
corridor_08_img.png corridor_08_normal.npy
corridor_09_img.png corridor_09_normal.npy
corridor_10_img.png corridor_10_normal.npy
factory_01_img.png factory_01_normal.npy
factory_02_img.png factory_02_normal.npy
factory_03_img.png factory_03_normal.npy
factory_04_img.png factory_04_normal.npy
factory_05_img.png factory_05_normal.npy
factory_06_img.png factory_06_normal.npy
factory_07_img.png factory_07_normal.npy
factory_08_img.png factory_08_normal.npy
kitchen_01_img.png kitchen_01_normal.npy
kitchen_02_img.png kitchen_02_normal.npy
kitchen_03_img.png kitchen_03_normal.npy
kitchen_04_img.png kitchen_04_normal.npy
kitchen_05_img.png kitchen_05_normal.npy
kitchen_06_img.png kitchen_06_normal.npy
kitchen_07_img.png kitchen_07_normal.npy
kitchen_08_img.png kitchen_08_normal.npy
lab_01_img.png lab_01_normal.npy
lab_02_img.png lab_02_normal.npy
lab_03_img.png lab_03_normal.npy
lab_04_img.png lab_04_normal.npy
lab_05_img.png lab_05_normal.npy
lab_06_img.png lab_06_normal.npy
lab_07_img.png lab_07_normal.npy
lab_08_img.png lab_08_normal.npy
lab_09_img.png lab_09_normal.npy
lab_10_img.png lab_10_normal.npy
lab_11_img.png lab_11_normal.npy
lectureroom_01_img.png lectureroom_01_normal.npy
lectureroom_02_img.png lectureroom_02_normal.npy
lectureroom_03_img.png lectureroom_03_normal.npy
lectureroom_04_img.png lectureroom_04_normal.npy
lectureroom_05_img.png lectureroom_05_normal.npy
lectureroom_06_img.png lectureroom_06_normal.npy
lectureroom_07_img.png lectureroom_07_normal.npy
lectureroom_08_img.png lectureroom_08_normal.npy
lectureroom_09_img.png lectureroom_09_normal.npy
lectureroom_10_img.png lectureroom_10_normal.npy
livingroom_01_img.png livingroom_01_normal.npy
livingroom_02_img.png livingroom_02_normal.npy
livingroom_03_img.png livingroom_03_normal.npy
livingroom_04_img.png livingroom_04_normal.npy
livingroom_05_img.png livingroom_05_normal.npy
livingroom_06_img.png livingroom_06_normal.npy
livingroom_07_img.png livingroom_07_normal.npy
livingroom_08_img.png livingroom_08_normal.npy
livingroom_09_img.png livingroom_09_normal.npy
livingroom_10_img.png livingroom_10_normal.npy
livingroom_11_img.png livingroom_11_normal.npy
livingroom_12_img.png livingroom_12_normal.npy
livingroom_13_img.png livingroom_13_normal.npy
livingroom_14_img.png livingroom_14_normal.npy
livingroom_15_img.png livingroom_15_normal.npy
meetingroom_01_img.png meetingroom_01_normal.npy
meetingroom_02_img.png meetingroom_02_normal.npy
meetingroom_03_img.png meetingroom_03_normal.npy
meetingroom_04_img.png meetingroom_04_normal.npy
meetingroom_05_img.png meetingroom_05_normal.npy
meetingroom_06_img.png meetingroom_06_normal.npy
meetingroom_07_img.png meetingroom_07_normal.npy
meetingroom_08_img.png meetingroom_08_normal.npy
office_01_img.png office_01_normal.npy
office_02_img.png office_02_normal.npy
office_03_img.png office_03_normal.npy
office_04_img.png office_04_normal.npy
office_05_img.png office_05_normal.npy
office_06_img.png office_06_normal.npy
office_07_img.png office_07_normal.npy
office_08_img.png office_08_normal.npy
restaurant_01_img.png restaurant_01_normal.npy
restaurant_02_img.png restaurant_02_normal.npy
restaurant_03_img.png restaurant_03_normal.npy
restaurant_04_img.png restaurant_04_normal.npy
restaurant_05_img.png restaurant_05_normal.npy
restaurant_06_img.png restaurant_06_normal.npy
restaurant_07_img.png restaurant_07_normal.npy
restaurant_08_img.png restaurant_08_normal.npy
restaurant_09_img.png restaurant_09_normal.npy
restaurant_10_img.png restaurant_10_normal.npy
restaurant_11_img.png restaurant_11_normal.npy
restaurant_12_img.png restaurant_12_normal.npy
restroom_01_img.png restroom_01_normal.npy
restroom_02_img.png restroom_02_normal.npy
storageroom_01_img.png storageroom_01_normal.npy
storageroom_02_img.png storageroom_02_normal.npy
storageroom_03_img.png storageroom_03_normal.npy
storageroom_04_img.png storageroom_04_normal.npy
storageroom_05_img.png storageroom_05_normal.npy
storageroom_06_img.png storageroom_06_normal.npy
storageroom_07_img.png storageroom_07_normal.npy
storageroom_08_img.png storageroom_08_normal.npy
